{
  "config": {
    "top": {
      "y_occlusal": 34,
      "delta_vestibular": 4,
      "delta_lingual": -4,
      "delta_mesial": -2.2,
      "delta_distal": 2.2
    },
    "bottom": {
      "y_occlusal": 52,
      "delta_vestibular": 4,
      "delta_lingual": -4,
      "delta_mesial": -2.2,
      "delta_distal": 2.2
    }
  },
  "teeth": [
    {
      "id": "18",
      "x": 5.534105225549248,
      "row": "top",
      "y": 16.780772032046613
    },
    {
      "id": "17",
      "x": 11.454310663438514,
      "row": "top",
      "y": 16.59432185451566
    },
    {
      "id": "16",
      "x": 16.94551732006707,
      "row": "top",
      "y": 16.59432185451566
    },
    {
      "id": "15",
      "x": 22.694123572753394,
      "row": "top",
      "y": 16.407868120675527
    },
    {
      "id": "14",
      "x": 28.44272655242628,
      "row": "top",
      "y": 16.59432185451566
    },
    {
      "id": "13",
      "x": 34.277134852474155,
      "row": "top",
      "y": 16.407868120675527
    },
    {
      "id": "12",
      "x": 39.93993905779893,
      "row": "top",
      "y": 16.59432185451566
    },
    {
      "id": "11",
      "x": 45.774344084833366,
      "row": "top",
      "y": 16.59432185451566
    },
    {
      "id": "21",
      "x": 53.49635160464721,
      "row": "top",
      "y": 16.407868120675527
    },
    {
      "id": "22",
      "x": 59.330759904695086,
      "row": "top",
      "y": 16.59432185451566
    },
    {
      "id": "23",
      "x": 65.07936288436798,
      "row": "top",
      "y": 16.59432185451566
    },
    {
      "id": "24",
      "x": 70.91377118441585,
      "row": "top",
      "y": 16.780772032046613
    },
    {
      "id": "25",
      "x": 76.57657538974063,
      "row": "top",
      "y": 16.780772032046613
    },
    {
      "id": "26",
      "x": 82.58258123848472,
      "row": "top",
      "y": 16.59432185451566
    },
    {
      "id": "27",
      "x": 88.2453854438095,
      "row": "top",
      "y": 16.59432185451566
    },
    {
      "id": "28",
      "x": 93.99399496950926,
      "row": "top",
      "y": 16.407868120675527
    },
    {
      "id": "48",
      "x": 5.534105225549248,
      "row": "bottom",
      "y": 32.81573268504188
    },
    {
      "id": "47",
      "x": 11.196911067380743,
      "row": "bottom",
      "y": 33.002189975191186
    },
    {
      "id": "46",
      "x": 17.03131609441518,
      "row": "bottom",
      "y": 32.62928250751093
    },
    {
      "id": "45",
      "x": 22.60832152539184,
      "row": "bottom",
      "y": 32.81573268504188
    },
    {
      "id": "44",
      "x": 28.44272655242628,
      "row": "bottom",
      "y": 32.81573268504188
    },
    {
      "id": "43",
      "x": 34.19133280511261,
      "row": "bottom",
      "y": 33.188640152722144
    },
    {
      "id": "42",
      "x": 40.11153987950859,
      "row": "bottom",
      "y": 32.81573268504188
    },
    {
      "id": "41",
      "x": 45.86014285918148,
      "row": "bottom",
      "y": 33.002189975191186
    },
    {
      "id": "31",
      "x": 53.753754473718416,
      "row": "bottom",
      "y": 33.002189975191186
    },
    {
      "id": "32",
      "x": 59.673961548114406,
      "row": "bottom",
      "y": 32.442825217361616
    },
    {
      "id": "33",
      "x": 65.33676575343918,
      "row": "bottom",
      "y": 32.81573268504188
    },
    {
      "id": "34",
      "x": 70.91377118441585,
      "row": "bottom",
      "y": 32.81573268504188
    },
    {
      "id": "35",
      "x": 76.74817293843684,
      "row": "bottom",
      "y": 32.81573268504188
    },
    {
      "id": "36",
      "x": 82.83998410755594,
      "row": "bottom",
      "y": 32.81573268504188
    },
    {
      "id": "37",
      "x": 88.2453854438095,
      "row": "bottom",
      "y": 32.442825217361616
    },
    {
      "id": "38",
      "x": 93.99399496950926,
      "row": "bottom",
      "y": 32.442825217361616
    },
    {
      "id": "55",
      "x": 22.779922347101504,
      "row": "top",
      "y": 67.309540083872
    },
    {
      "id": "54",
      "x": 28.44272655242628,
      "row": "top",
      "y": 67.4959973740213
    },
    {
      "id": "53",
      "x": 34.277134852474155,
      "row": "top",
      "y": 67.4959973740213
    },
    {
      "id": "52",
      "x": 40.11153987950859,
      "row": "top",
      "y": 67.309540083872
    },
    {
      "id": "51",
      "x": 45.774344084833366,
      "row": "top",
      "y": 67.4959973740213
    },
    {
      "id": "61",
      "x": 53.66795569937031,
      "row": "top",
      "y": 67.68244755155226
    },
    {
      "id": "62",
      "x": 59.4165586790432,
      "row": "top",
      "y": 66.75018243866077
    },
    {
      "id": "63",
      "x": 65.07936288436798,
      "row": "top",
      "y": 67.309540083872
    },
    {
      "id": "64",
      "x": 70.91377118441585,
      "row": "top",
      "y": 67.12308990634104
    },
    {
      "id": "65",
      "x": 76.57657538974063,
      "row": "top",
      "y": 67.309540083872
    },
    {
      "id": "85",
      "x": 22.779922347101504,
      "row": "bottom",
      "y": 83.90386193838766
    },
    {
      "id": "84",
      "x": 28.528528599787826,
      "row": "bottom",
      "y": 83.15804700302714
    },
    {
      "id": "83",
      "x": 34.277134852474155,
      "row": "bottom",
      "y": 83.53094913624362
    },
    {
      "id": "82",
      "x": 40.11153987950859,
      "row": "bottom",
      "y": 83.71741353901129
    },
    {
      "id": "81",
      "x": 45.68854531048526,
      "row": "bottom",
      "y": 83.71740464823834
    },
    {
      "id": "71",
      "x": 53.49635160464721,
      "row": "bottom",
      "y": 83.15804700302714
    },
    {
      "id": "72",
      "x": 59.502357453391305,
      "row": "bottom",
      "y": 83.15804700302714
    },
    {
      "id": "73",
      "x": 65.16516165871607,
      "row": "bottom",
      "y": 83.34450429317644
    },
    {
      "id": "74",
      "x": 70.91377118441585,
      "row": "bottom",
      "y": 83.90386193838766
    },
    {
      "id": "75",
      "x": 76.66237416408873,
      "row": "bottom",
      "y": 83.15804700302714
    }
  ]
}